timestamp,path,ok,status,latency_ms,error
1791511959.920,/health/live,1,200,439,
1791511959.920,/trades?limit=1,1,200,147,
1791511960.507,/health/live,1,200,119,
1791511960.507,/trades?limit=1,1,200,141,
1791511961.011,/health/live,1,200,156,
1791511961.011,/trades?limit=1,1,200,132,
1791511961.519,/health/live,1,200,140,
1791511961.519,/trades?limit=1,1,200,133,
1791511962.020,/health/live,1,200,1268,
1791511962.020,/trades?limit=1,1,200,202,
1791511963.492,/health/live,1,200,112,
1791511963.492,/trades?limit=1,1,200,186,
1791511963.993,/health/live,1,200,247,
1791511963.993,/trades?limit=1,1,200,203,
1791511964.495,/health/live,1,200,236,
1791511964.495,/trades?limit=1,1,200,125,
1791511964.999,/health/live,1,200,176,
1791511964.999,/trades?limit=1,1,200,150,
1791511965.515,/health/live,1,200,113,
1791511965.515,/trades?limit=1,1,200,614,
1791511966.243,/health/live,1,200,131,
1791511966.243,/trades?limit=1,1,200,133,
1791511966.743,/health/live,1,200,1674,
1791511966.743,/trades?limit=1,1,200,133,
1791511968.551,/health/live,1,200,133,
1791511968.551,/trades?limit=1,1,200,136,
1791511969.053,/health/live,1,200,148,
1791511969.053,/trades?limit=1,1,200,127,
1791511969.559,/health/live,1,200,139,
1791511969.559,/trades?limit=1,1,200,146,
1791511970.066,/health/live,1,200,107,
1791511970.066,/trades?limit=1,1,200,146,
1791511970.571,/health/live,1,200,133,
1791511970.571,/trades?limit=1,1,200,129,
1791511971.075,/health/live,1,200,122,
1791511971.075,/trades?limit=1,1,200,142,
1791511971.591,/health/live,1,200,130,
1791511971.591,/trades?limit=1,1,200,134,
1791511972.100,/health/live,1,200,110,
1791511972.100,/trades?limit=1,1,200,218,
1791511972.605,/health/live,1,200,145,
1791511972.605,/trades?limit=1,1,200,123,
1791511973.109,/health/live,1,200,114,
1791511973.109,/trades?limit=1,1,200,128,
1791511973.609,/health/live,1,200,112,
1791511973.609,/trades?limit=1,1,200,129,
1791511974.120,/health/live,1,200,119,
1791511974.120,/trades?limit=1,1,200,136,
1791511974.617,/health/live,1,200,118,
1791511974.617,/trades?limit=1,1,200,143,
1791511975.124,/health/live,1,200,120,
1791511975.124,/trades?limit=1,1,200,135,
1791511975.621,/health/live,1,200,109,
1791511975.621,/trades?limit=1,1,200,141,
1791511976.120,/health/live,1,200,117,
1791511976.120,/trades?limit=1,1,200,138,
1791511976.626,/health/live,1,200,148,
1791511976.626,/trades?limit=1,1,200,150,
1791511977.126,/health/live,1,200,118,
1791511977.126,/trades?limit=1,1,200,137,
1791511977.628,/health/live,1,200,128,
1791511977.628,/trades?limit=1,1,200,134,
1791511978.137,/health/live,1,200,123,
1791511978.137,/trades?limit=1,1,200,313,
1791511978.638,/health/live,1,200,113,
1791511978.638,/trades?limit=1,1,200,136,
1791511979.148,/health/live,1,200,125,
1791511979.148,/trades?limit=1,1,200,133,
1791511979.663,/health/live,1,200,110,
1791511979.663,/trades?limit=1,1,200,241,
1791511980.171,/health/live,1,200,130,
1791511980.171,/trades?limit=1,1,200,128,
1791511980.679,/health/live,1,200,118,
1791511980.679,/trades?limit=1,1,200,133,
1791511981.190,/health/live,1,200,130,
1791511981.190,/trades?limit=1,1,200,131,
1791511981.687,/health/live,1,200,163,
1791511981.687,/trades?limit=1,1,200,140,
1791511982.194,/health/live,1,200,123,
1791511982.194,/trades?limit=1,1,200,135,
1791511982.698,/health/live,1,200,120,
1791511982.698,/trades?limit=1,1,200,137,
1791511983.199,/health/live,1,200,131,
1791511983.199,/trades?limit=1,1,200,131,
1791511983.713,/health/live,1,200,115,
1791511983.713,/trades?limit=1,1,200,140,
1791511984.222,/health/live,1,200,292,
1791511984.222,/trades?limit=1,1,200,117,
1791511984.726,/health/live,1,200,131,
1791511984.726,/trades?limit=1,1,200,134,
1791511985.231,/health/live,1,200,124,
1791511985.231,/trades?limit=1,1,200,601,
1791511985.958,/health/live,1,200,136,
1791511985.958,/trades?limit=1,1,200,130,
1791511986.468,/health/live,1,200,594,
1791511986.468,/trades?limit=1,1,200,145,
1791511987.207,/health/live,1,200,130,
1791511987.207,/trades?limit=1,1,200,120,
1791511987.722,/health/live,1,200,126,
1791511987.722,/trades?limit=1,1,200,130,
1791511988.225,/health/live,1,200,134,
1791511988.225,/trades?limit=1,1,200,126,
1791511988.732,/health/live,1,200,123,
1791511988.732,/trades?limit=1,1,200,128,
1791511989.233,/health/live,1,200,136,
1791511989.233,/trades?limit=1,1,200,140,
1791511989.738,/health/live,1,200,117,
1791511989.738,/trades?limit=1,1,200,137,
1791511990.246,/health/live,1,200,412,
1791511990.246,/trades?limit=1,1,200,135,
1791511990.794,/health/live,1,200,141,
1791511990.794,/trades?limit=1,1,200,130,
1791511991.295,/health/live,1,200,147,
1791511991.295,/trades?limit=1,1,200,135,
1791511991.799,/health/live,1,200,128,
1791511991.799,/trades?limit=1,1,200,130,
1791511992.304,/health/live,1,200,1124,
1791511992.304,/trades?limit=1,1,200,132,
1791511993.562,/health/live,1,200,128,
1791511993.562,/trades?limit=1,1,200,137,
1791511994.067,/health/live,1,200,130,
1791511994.067,/trades?limit=1,1,200,115,
1791511994.570,/health/live,1,200,122,
1791511994.570,/trades?limit=1,1,200,133,
1791511995.071,/health/live,1,200,131,
1791511995.071,/trades?limit=1,1,200,139,
1791511995.569,/health/live,1,200,119,
1791511995.569,/trades?limit=1,1,200,134,
1791511996.080,/health/live,1,200,125,
1791511996.080,/trades?limit=1,1,200,235,
1791511996.589,/health/live,1,200,123,
1791511996.589,/trades?limit=1,1,200,139,
1791511997.095,/health/live,1,200,127,
1791511997.095,/trades?limit=1,1,200,136,
1791511997.604,/health/live,1,200,125,
1791511997.604,/trades?limit=1,1,200,156,
1791511998.110,/health/live,1,200,125,
1791511998.110,/trades?limit=1,1,200,147,
1791511998.611,/health/live,1,200,130,
1791511998.611,/trades?limit=1,1,200,135,
1791511999.118,/health/live,1,200,143,
1791511999.118,/trades?limit=1,1,200,143,
1791511999.633,/health/live,1,200,125,
1791511999.633,/trades?limit=1,1,200,135,
1791512000.144,/health/live,1,200,126,
1791512000.144,/trades?limit=1,1,200,125,
1791512000.652,/health/live,1,200,173,
1791512000.652,/trades?limit=1,1,200,167,
1791512001.154,/health/live,1,200,121,
1791512001.154,/trades?limit=1,1,200,140,
1791512001.661,/health/live,1,200,149,
1791512001.661,/trades?limit=1,1,200,156,
1791512002.171,/health/live,1,200,145,
1791512002.171,/trades?limit=1,1,200,127,
1791512002.680,/health/live,1,200,134,
1791512002.680,/trades?limit=1,1,200,342,
1791512003.192,/health/live,1,200,128,
1791512003.192,/trades?limit=1,1,200,136,
1791512003.698,/health/live,1,200,140,
1791512003.698,/trades?limit=1,1,200,131,
1791512004.211,/health/live,1,200,122,
1791512004.211,/trades?limit=1,1,200,144,
1791512004.724,/health/live,1,200,130,
1791512004.724,/trades?limit=1,1,200,142,
1791512005.228,/health/live,1,200,131,
1791512005.228,/trades?limit=1,1,200,131,
1791512005.738,/health/live,1,200,132,
1791512005.738,/trades?limit=1,1,200,129,
1791512006.240,/health/live,1,200,144,
1791512006.240,/trades?limit=1,1,200,143,
1791512006.744,/health/live,1,200,126,
1791512006.744,/trades?limit=1,1,200,138,
1791512007.241,/health/live,1,200,123,
1791512007.241,/trades?limit=1,1,200,137,
1791512007.753,/health/live,1,200,142,
1791512007.753,/trades?limit=1,1,200,130,
1791512008.265,/health/live,1,200,122,
1791512008.265,/trades?limit=1,1,200,126,
1791512008.768,/health/live,1,200,328,
1791512008.768,/trades?limit=1,1,200,131,
1791512009.275,/health/live,1,200,133,
1791512009.275,/trades?limit=1,1,200,135,
1791512009.779,/health/live,1,200,133,
1791512009.779,/trades?limit=1,1,200,147,
1791512010.284,/health/live,1,200,644,
1791512010.284,/trades?limit=1,1,200,149,
1791512011.078,/health/live,1,200,149,
1791512011.078,/trades?limit=1,1,200,130,
1791512011.593,/health/live,1,200,115,
1791512011.593,/trades?limit=1,1,200,134,
1791512012.102,/health/live,1,200,123,
1791512012.102,/trades?limit=1,1,200,139,
1791512012.605,/health/live,1,200,136,
1791512012.605,/trades?limit=1,1,200,554,
1791512013.296,/health/live,1,200,198,
1791512013.296,/trades?limit=1,1,200,137,
1791512013.797,/health/live,1,200,2246,
1791512013.797,/trades?limit=1,1,200,134,
1791512016.179,/health/live,1,200,131,
1791512016.179,/trades?limit=1,1,200,654,
1791512016.965,/health/live,1,200,145,
1791512016.965,/trades?limit=1,1,200,1105,
1791512018.217,/health/live,1,200,131,
1791512018.217,/trades?limit=1,1,200,134,
1791512018.727,/health/live,1,200,138,
1791512018.727,/trades?limit=1,1,200,131,
1791512019.235,/health/live,1,200,115,
1791512019.235,/trades?limit=1,1,200,131,
1791512019.743,/health/live,1,200,188,
1791512019.743,/trades?limit=1,1,200,140,
1791512020.243,/health/live,1,200,132,
1791512020.243,/trades?limit=1,1,200,152,
1791512020.740,/health/live,1,200,630,
1791512020.740,/trades?limit=1,1,200,122,
1791512021.493,/health/live,1,200,132,
1791512021.493,/trades?limit=1,1,200,126,
1791512021.994,/health/live,1,200,256,
1791512021.994,/trades?limit=1,1,200,146,
1791512022.511,/health/live,1,200,600,
1791512022.511,/trades?limit=1,1,200,151,
1791512023.263,/health/live,1,200,1065,
1791512023.263,/trades?limit=1,1,200,250,
1791512024.580,/health/live,1,200,131,
1791512024.580,/trades?limit=1,1,200,185,
1791512025.094,/health/live,1,200,172,
1791512025.094,/trades?limit=1,1,200,143,
1791512025.600,/health/live,1,200,144,
1791512025.600,/trades?limit=1,1,200,148,
1791512026.104,/health/live,1,200,121,
1791512026.104,/trades?limit=1,1,200,133,
1791512026.610,/health/live,1,200,137,
1791512026.610,/trades?limit=1,1,200,130,
1791512027.112,/health/live,1,200,123,
1791512027.112,/trades?limit=1,1,200,126,
1791512027.621,/health/live,1,200,127,
1791512027.621,/trades?limit=1,1,200,145,
1791512028.122,/health/live,1,200,122,
1791512028.122,/trades?limit=1,1,200,534,
1791512028.780,/health/live,1,200,235,
1791512028.780,/trades?limit=1,1,200,217,
1791512029.281,/health/live,1,200,128,
1791512029.281,/trades?limit=1,1,200,138,
1791512029.794,/health/live,1,200,121,
1791512029.794,/trades?limit=1,1,200,129,
1791512030.294,/health/live,1,200,126,
1791512030.294,/trades?limit=1,1,200,144,
1791512030.803,/health/live,1,200,143,
1791512030.803,/trades?limit=1,1,200,616,
1791512031.564,/health/live,1,200,132,
1791512031.564,/trades?limit=1,1,200,536,
1791512032.232,/health/live,1,200,122,
1791512032.232,/trades?limit=1,1,200,127,
1791512032.740,/health/live,1,200,139,
1791512032.740,/trades?limit=1,1,200,134,
1791512033.241,/health/live,1,200,137,
1791512033.241,/trades?limit=1,1,200,130,
1791512033.755,/health/live,1,200,1142,
1791512033.755,/trades?limit=1,1,200,454,
1791512035.352,/health/live,1,200,117,
1791512035.352,/trades?limit=1,1,200,129,
1791512035.862,/health/live,1,200,151,
1791512035.862,/trades?limit=1,1,200,1137,
1791512037.151,/health/live,1,200,132,
1791512037.151,/trades?limit=1,1,200,124,
1791512037.663,/health/live,1,200,527,
1791512037.663,/trades?limit=1,1,200,138,
1791512038.329,/health/live,1,200,133,
1791512038.329,/trades?limit=1,1,200,133,
1791512038.836,/health/live,1,200,2412,
1791512038.836,/trades?limit=1,1,200,565,
1791512041.814,/health/live,1,200,175,
1791512041.814,/trades?limit=1,1,200,173,
1791512042.325,/health/live,1,200,121,
1791512042.325,/trades?limit=1,1,200,149,
1791512042.834,/health/live,1,200,111,
1791512042.834,/trades?limit=1,1,200,551,
1791512043.497,/health/live,1,200,608,
1791512043.497,/trades?limit=1,1,200,140,
1791512044.245,/health/live,1,200,117,
1791512044.245,/trades?limit=1,1,200,141,
1791512044.754,/health/live,1,200,150,
1791512044.754,/trades?limit=1,1,200,127,
1791512045.259,/health/live,1,200,107,
1791512045.259,/trades?limit=1,1,200,129,
1791512045.759,/health/live,1,200,122,
1791512045.759,/trades?limit=1,1,200,148,
1791512046.262,/health/live,1,200,116,
1791512046.262,/trades?limit=1,1,200,153,
1791512046.758,/health/live,1,200,131,
1791512046.758,/trades?limit=1,1,200,594,
1791512047.484,/health/live,1,200,129,
1791512047.484,/trades?limit=1,1,200,121,
1791512047.991,/health/live,1,200,221,
1791512047.991,/trades?limit=1,1,200,534,
1791512048.746,/health/live,1,200,148,
1791512048.746,/trades?limit=1,1,200,153,
1791512049.246,/health/live,1,200,138,
1791512049.246,/trades?limit=1,1,200,139,
1791512049.744,/health/live,1,200,136,
1791512049.744,/trades?limit=1,1,200,149,
1791512050.249,/health/live,1,200,132,
1791512050.249,/trades?limit=1,1,200,128,
1791512050.760,/health/live,1,200,129,
1791512050.760,/trades?limit=1,1,200,131,
1791512051.261,/health/live,1,200,120,
1791512051.261,/trades?limit=1,1,200,131,
1791512051.768,/health/live,1,200,143,
1791512051.768,/trades?limit=1,1,200,129,
1791512052.267,/health/live,1,200,140,
1791512052.267,/trades?limit=1,1,200,120,
1791512052.771,/health/live,1,200,127,
1791512052.771,/trades?limit=1,1,200,126,
1791512053.272,/health/live,1,200,110,
1791512053.272,/trades?limit=1,1,200,130,
1791512053.774,/health/live,1,200,121,
1791512053.774,/trades?limit=1,1,200,151,
1791512054.283,/health/live,1,200,581,
1791512054.283,/trades?limit=1,1,200,382,
1791512055.246,/health/live,1,200,151,
1791512055.246,/trades?limit=1,1,200,136,
1791512055.746,/health/live,1,200,1132,
1791512055.746,/trades?limit=1,1,200,1085,
1791512057.966,/health/live,1,200,577,
1791512057.966,/trades?limit=1,1,200,138,
1791512058.683,/health/live,1,200,195,
1791512058.683,/trades?limit=1,1,200,189,
1791512059.192,/health/live,1,200,155,
1791512059.192,/trades?limit=1,1,200,152,
1791512059.695,/health/live,1,200,105,
1791512059.695,/trades?limit=1,1,200,130,
1791512060.201,/health/live,1,200,146,
1791512060.201,/trades?limit=1,1,200,265,
1791512060.696,/health/live,1,200,133,
1791512060.696,/trades?limit=1,1,200,133,
1791512061.196,/health/live,1,200,933,
1791512061.196,/trades?limit=1,1,200,151,
1791512062.284,/health/live,1,200,131,
1791512062.284,/trades?limit=1,1,200,151,
1791512062.796,/health/live,1,200,120,
1791512062.796,/trades?limit=1,1,200,133,
1791512063.298,/health/live,1,200,1031,
1791512063.298,/trades?limit=1,1,200,132,
1791512064.463,/health/live,1,200,133,
1791512064.463,/trades?limit=1,1,200,146,
1791512064.970,/health/live,1,200,122,
1791512064.970,/trades?limit=1,1,200,624,
1791512065.716,/health/live,1,200,139,
1791512065.716,/trades?limit=1,1,200,574,
1791512066.430,/health/live,1,200,118,
1791512066.430,/trades?limit=1,1,200,119,
1791512066.939,/health/live,1,200,320,
1791512066.939,/trades?limit=1,1,200,137,
1791512067.448,/health/live,1,200,151,
1791512067.448,/trades?limit=1,1,200,152,
1791512067.946,/health/live,1,200,110,
1791512067.946,/trades?limit=1,1,200,129,
1791512068.449,/health/live,1,200,133,
1791512068.449,/trades?limit=1,1,200,132,
1791512068.957,/health/live,1,200,152,
1791512068.957,/trades?limit=1,1,200,135,
1791512069.460,/health/live,1,200,133,
1791512069.460,/trades?limit=1,1,200,138,
1791512069.968,/health/live,1,200,551,
1791512069.968,/trades?limit=1,1,200,120,
1791512070.642,/health/live,1,200,131,
1791512070.642,/trades?limit=1,1,200,124,
1791512071.152,/health/live,1,200,135,
1791512071.152,/trades?limit=1,1,200,145,
1791512071.662,/health/live,1,200,112,
1791512071.662,/trades?limit=1,1,200,127,
1791512072.161,/health/live,1,200,113,
1791512072.161,/trades?limit=1,1,200,147,
1791512072.665,/health/live,1,200,131,
1791512072.665,/trades?limit=1,1,200,146,
1791512073.170,/health/live,1,200,134,
1791512073.170,/trades?limit=1,1,200,145,
1791512073.676,/health/live,1,200,125,
1791512073.676,/trades?limit=1,1,200,143,
1791512074.188,/health/live,1,200,241,
1791512074.188,/trades?limit=1,1,200,132,
1791512074.689,/health/live,1,200,117,
1791512074.689,/trades?limit=1,1,200,123,
1791512075.192,/health/live,1,200,122,
1791512075.192,/trades?limit=1,1,200,139,
1791512075.702,/health/live,1,200,129,
1791512075.702,/trades?limit=1,1,200,133,
1791512076.205,/health/live,1,200,143,
1791512076.205,/trades?limit=1,1,200,118,
1791512076.710,/health/live,1,200,127,
1791512076.710,/trades?limit=1,1,200,154,
1791512077.219,/health/live,1,200,127,
1791512077.219,/trades?limit=1,1,200,139,
1791512077.721,/health/live,1,200,116,
1791512077.721,/trades?limit=1,1,200,128,
1791512078.231,/health/live,1,200,136,
1791512078.231,/trades?limit=1,1,200,151,
1791512078.734,/health/live,1,200,131,
1791512078.734,/trades?limit=1,1,200,135,
1791512079.244,/health/live,1,200,127,
1791512079.244,/trades?limit=1,1,200,140,
1791512079.748,/health/live,1,200,726,
1791512079.748,/trades?limit=1,1,200,123,
1791512080.599,/health/live,1,200,133,
1791512080.599,/trades?limit=1,1,200,167,
1791512081.096,/health/live,1,200,298,
1791512081.096,/trades?limit=1,1,200,126,
1791512081.597,/health/live,1,200,129,
1791512081.597,/trades?limit=1,1,200,133,
1791512082.104,/health/live,1,200,125,
1791512082.104,/trades?limit=1,1,200,135,
1791512082.612,/health/live,1,200,120,
1791512082.612,/trades?limit=1,1,200,149,
1791512083.120,/health/live,1,200,161,
1791512083.120,/trades?limit=1,1,200,207,
1791512083.626,/health/live,1,200,227,
1791512083.626,/trades?limit=1,1,200,207,
1791512084.133,/health/live,1,200,194,
1791512084.133,/trades?limit=1,1,200,224,
1791512084.634,/health/live,1,200,154,
1791512084.634,/trades?limit=1,1,200,127,
1791512085.140,/health/live,1,200,109,
1791512085.140,/trades?limit=1,1,200,132,
1791512085.638,/health/live,1,200,114,
1791512085.638,/trades?limit=1,1,200,134,
1791512086.142,/health/live,1,200,138,
1791512086.142,/trades?limit=1,1,200,131,
1791512086.649,/health/live,1,200,125,
1791512086.649,/trades?limit=1,1,200,124,
1791512087.152,/health/live,1,200,124,
1791512087.152,/trades?limit=1,1,200,132,
1791512087.663,/health/live,1,200,284,
1791512087.663,/trades?limit=1,1,200,137,
1791512088.169,/health/live,1,200,129,
1791512088.169,/trades?limit=1,1,200,133,
1791512088.669,/health/live,1,200,115,
1791512088.669,/trades?limit=1,1,200,291,
1791512089.170,/health/live,1,200,117,
1791512089.170,/trades?limit=1,1,200,121,
1791512089.678,/health/live,1,200,115,
1791512089.678,/trades?limit=1,1,200,128,
1791512090.183,/health/live,1,200,132,
1791512090.183,/trades?limit=1,1,200,133,
1791512090.692,/health/live,1,200,142,
1791512090.692,/trades?limit=1,1,200,135,
1791512091.208,/health/live,1,200,115,
1791512091.208,/trades?limit=1,1,200,132,
1791512091.723,/health/live,1,200,126,
1791512091.723,/trades?limit=1,1,200,138,
1791512092.229,/health/live,1,200,131,
1791512092.229,/trades?limit=1,1,200,114,
1791512092.734,/health/live,1,200,131,
1791512092.734,/trades?limit=1,1,200,124,
1791512093.247,/health/live,1,200,121,
1791512093.247,/trades?limit=1,1,200,122,
1791512093.750,/health/live,1,200,217,
1791512093.750,/trades?limit=1,1,200,138,
1791512094.258,/health/live,1,200,128,
1791512094.258,/trades?limit=1,1,200,134,
1791512094.773,/health/live,1,200,137,
1791512094.773,/trades?limit=1,1,200,132,
1791512095.277,/health/live,1,200,645,
1791512095.277,/trades?limit=1,1,200,143,
1791512096.066,/health/live,1,200,133,
1791512096.066,/trades?limit=1,1,200,132,
1791512096.578,/health/live,1,200,112,
1791512096.578,/trades?limit=1,1,200,127,
1791512097.091,/health/live,1,200,125,
1791512097.091,/trades?limit=1,1,200,130,
1791512097.595,/health/live,1,200,121,
1791512097.595,/trades?limit=1,1,200,151,
1791512098.101,/health/live,1,200,115,
1791512098.101,/trades?limit=1,1,200,133,
1791512098.603,/health/live,1,200,122,
1791512098.603,/trades?limit=1,1,200,132,
1791512099.105,/health/live,1,200,135,
1791512099.105,/trades?limit=1,1,200,146,
1791512099.610,/health/live,1,200,318,
1791512099.610,/trades?limit=1,1,200,143,
1791512100.117,/health/live,1,200,151,
1791512100.117,/trades?limit=1,1,200,142,
1791512100.623,/health/live,1,200,150,
1791512100.623,/trades?limit=1,1,200,176,
1791512101.131,/health/live,1,200,128,
1791512101.131,/trades?limit=1,1,200,141,
1791512101.636,/health/live,1,200,125,
1791512101.636,/trades?limit=1,1,200,178,
1791512102.143,/health/live,1,200,119,
1791512102.143,/trades?limit=1,1,200,140,
1791512102.647,/health/live,1,200,128,
1791512102.647,/trades?limit=1,1,200,134,
1791512103.152,/health/live,1,200,115,
1791512103.152,/trades?limit=1,1,200,136,
1791512103.665,/health/live,1,200,119,
1791512103.665,/trades?limit=1,1,200,135,
1791512104.176,/health/live,1,200,119,
1791512104.176,/trades?limit=1,1,200,127,
1791512104.683,/health/live,1,200,506,
1791512104.683,/trades?limit=1,1,200,123,
1791512105.313,/health/live,1,200,121,
1791512105.313,/trades?limit=1,1,200,149,
1791512105.822,/health/live,1,200,969,
1791512105.822,/trades?limit=1,1,200,111,
1791512106.905,/health/live,1,200,120,
1791512106.905,/trades?limit=1,1,200,123,
1791512107.410,/health/live,1,200,114,
1791512107.410,/trades?limit=1,1,200,136,
1791512107.909,/health/live,1,200,123,
1791512107.909,/trades?limit=1,1,200,130,
1791512108.408,/health/live,1,200,121,
1791512108.408,/trades?limit=1,1,200,139,
1791512108.910,/health/live,1,200,148,
1791512108.910,/trades?limit=1,1,200,142,
1791512109.418,/health/live,1,200,139,
1791512109.418,/trades?limit=1,1,200,123,
1791512109.931,/health/live,1,200,143,
1791512109.931,/trades?limit=1,1,200,128,
1791512110.433,/health/live,1,200,119,
1791512110.433,/trades?limit=1,1,200,120,
1791512110.941,/health/live,1,200,132,
1791512110.941,/trades?limit=1,1,200,126,
1791512111.447,/health/live,1,200,115,
1791512111.447,/trades?limit=1,1,200,184,
1791512111.956,/health/live,1,200,130,
1791512111.956,/trades?limit=1,1,200,128,
1791512112.464,/health/live,1,200,126,
1791512112.464,/trades?limit=1,1,200,129,
1791512112.966,/health/live,1,200,110,
1791512112.966,/trades?limit=1,1,200,123,
1791512113.480,/health/live,1,200,108,
1791512113.480,/trades?limit=1,1,200,123,
1791512113.987,/health/live,1,200,139,
1791512113.987,/trades?limit=1,1,200,131,
1791512114.488,/health/live,1,200,108,
1791512114.488,/trades?limit=1,1,200,131,
1791512114.990,/health/live,1,200,144,
1791512114.990,/trades?limit=1,1,200,143,
1791512115.493,/health/live,1,200,114,
1791512115.493,/trades?limit=1,1,200,129,
1791512115.999,/health/live,1,200,132,
1791512115.999,/trades?limit=1,1,200,144,
1791512116.514,/health/live,1,200,138,
1791512116.514,/trades?limit=1,1,200,130,
1791512117.022,/health/live,1,200,126,
1791512117.022,/trades?limit=1,1,200,126,
1791512117.529,/health/live,1,200,185,
1791512117.529,/trades?limit=1,1,200,208,
1791512118.037,/health/live,1,200,122,
1791512118.037,/trades?limit=1,1,200,131,
1791512118.544,/health/live,1,200,131,
1791512118.544,/trades?limit=1,1,200,133,
1791512119.051,/health/live,1,200,125,
1791512119.051,/trades?limit=1,1,200,129,
1791512119.565,/health/live,1,200,126,
1791512119.565,/trades?limit=1,1,200,136,
1791512120.075,/health/live,1,200,127,
1791512120.075,/trades?limit=1,1,200,127,
1791512120.586,/health/live,1,200,138,
1791512120.586,/trades?limit=1,1,200,161,
1791512121.102,/health/live,1,200,132,
1791512121.102,/trades?limit=1,1,200,134,
1791512121.615,/health/live,1,200,128,
1791512121.615,/trades?limit=1,1,200,127,
1791512122.129,/health/live,1,200,119,
1791512122.129,/trades?limit=1,1,200,127,
1791512122.628,/health/live,1,200,129,
1791512122.628,/trades?limit=1,1,200,124,
1791512123.128,/health/live,1,200,114,
1791512123.128,/trades?limit=1,1,200,129,
1791512123.634,/health/live,1,200,214,
1791512123.634,/trades?limit=1,1,200,220,
1791512124.151,/health/live,1,200,140,
1791512124.151,/trades?limit=1,1,200,127,
1791512124.651,/health/live,1,200,112,
1791512124.651,/trades?limit=1,1,200,138,
1791512125.152,/health/live,1,200,127,
1791512125.152,/trades?limit=1,1,200,124,
1791512125.659,/health/live,1,200,123,
1791512125.659,/trades?limit=1,1,200,138,
1791512126.165,/health/live,1,200,136,
1791512126.165,/trades?limit=1,1,200,136,
1791512126.667,/health/live,1,200,132,
1791512126.667,/trades?limit=1,1,200,136,
1791512127.174,/health/live,1,200,1110,
1791512127.174,/trades?limit=1,1,200,135,
1791512128.420,/health/live,1,200,492,
1791512128.420,/trades?limit=1,1,200,490,
1791512129.402,/health/live,1,200,117,
1791512129.402,/trades?limit=1,1,200,415,
1791512129.935,/health/live,1,200,138,
1791512129.935,/trades?limit=1,1,200,1012,
1791512131.087,/health/live,1,200,137,
1791512131.087,/trades?limit=1,1,200,1144,
1791512132.369,/health/live,1,200,134,
1791512132.369,/trades?limit=1,1,200,135,
1791512132.882,/health/live,1,200,120,
1791512132.882,/trades?limit=1,1,200,149,
1791512133.385,/health/live,1,200,120,
1791512133.385,/trades?limit=1,1,200,1131,
1791512134.636,/health/live,1,200,486,
1791512134.636,/trades?limit=1,1,200,130,
1791512135.253,/health/live,1,200,303,
1791512135.253,/trades?limit=1,1,200,3072,
1791512138.628,/health/live,1,200,139,
1791512138.628,/trades?limit=1,1,200,143,
1791512139.133,/health/live,1,200,119,
1791512139.133,/trades?limit=1,1,200,1084,
1791512140.337,/health/live,1,200,1318,
1791512140.337,/trades?limit=1,1,200,1016,
1791512142.674,/health/live,1,200,138,
1791512142.674,/trades?limit=1,1,200,126,
1791512143.177,/health/live,1,200,152,
1791512143.177,/trades?limit=1,1,200,562,
1791512143.893,/health/live,1,200,249,
1791512143.893,/trades?limit=1,1,200,831,
1791512144.973,/health/live,1,200,130,
1791512144.973,/trades?limit=1,1,200,152,
1791512145.489,/health/live,1,200,614,
1791512145.489,/trades?limit=1,1,200,2072,
1791512148.176,/health/live,1,200,2227,
1791512148.176,/trades?limit=1,1,200,518,
1791512150.922,/health/live,1,200,134,
1791512150.922,/trades?limit=1,1,200,1699,
1791512152.755,/health/live,1,200,131,
1791512152.755,/trades?limit=1,1,200,168,
1791512153.255,/health/live,1,200,165,
1791512153.255,/trades?limit=1,1,200,131,
1791512153.755,/health/live,1,200,178,
1791512153.755,/trades?limit=1,1,200,222,
1791512154.259,/health/live,1,200,148,
1791512154.259,/trades?limit=1,1,200,1146,
1791512155.554,/health/live,1,200,149,
1791512155.554,/trades?limit=1,1,200,151,
1791512156.069,/health/live,1,200,167,
1791512156.069,/trades?limit=1,1,200,184,
1791512156.570,/health/live,1,200,138,
1791512156.570,/trades?limit=1,1,200,145,
1791512157.071,/health/live,1,200,133,
1791512157.071,/trades?limit=1,1,200,134,
1791512157.578,/health/live,1,200,127,
1791512157.578,/trades?limit=1,1,200,1814,
1791512159.521,/health/live,1,200,156,
1791512159.521,/trades?limit=1,1,200,130,
1791512160.025,/health/live,1,200,115,
1791512160.025,/trades?limit=1,1,200,143,
1791512160.531,/health/live,1,200,2139,
1791512160.531,/trades?limit=1,1,200,140,
1791512162.811,/health/live,1,200,126,
1791512162.811,/trades?limit=1,1,200,152,
1791512163.312,/health/live,1,200,610,
1791512163.312,/trades?limit=1,1,200,148,
1791512164.071,/health/live,1,200,134,
1791512164.071,/trades?limit=1,1,200,1133,
1791512165.339,/health/live,1,200,132,
1791512165.339,/trades?limit=1,1,200,123,
1791512165.846,/health/live,1,200,127,
1791512165.846,/trades?limit=1,1,200,164,
1791512166.349,/health/live,1,200,134,
1791512166.349,/trades?limit=1,1,200,135,
1791512166.850,/health/live,1,200,144,
1791512166.850,/trades?limit=1,1,200,139,
1791512167.354,/health/live,1,200,125,
1791512167.354,/trades?limit=1,1,200,136,
1791512167.856,/health/live,1,200,246,
1791512167.856,/trades?limit=1,1,200,136,
1791512168.370,/health/live,1,200,142,
1791512168.370,/trades?limit=1,1,200,141,
1791512168.867,/health/live,1,200,137,
1791512168.867,/trades?limit=1,1,200,167,
1791512169.372,/health/live,1,200,149,
1791512169.372,/trades?limit=1,1,200,1133,
1791512170.654,/health/live,1,200,133,
1791512170.654,/trades?limit=1,1,200,136,
1791512171.161,/health/live,1,200,126,
1791512171.161,/trades?limit=1,1,200,129,
1791512171.664,/health/live,1,200,109,
1791512171.664,/trades?limit=1,1,200,150,
1791512172.173,/health/live,1,200,151,
1791512172.173,/trades?limit=1,1,200,147,
1791512172.678,/health/live,1,200,142,
1791512172.678,/trades?limit=1,1,200,150,
1791512173.177,/health/live,1,200,134,
1791512173.177,/trades?limit=1,1,200,138,
1791512173.686,/health/live,1,200,127,
1791512173.686,/trades?limit=1,1,200,238,
1791512174.196,/health/live,1,200,134,
1791512174.196,/trades?limit=1,1,200,124,
1791512174.698,/health/live,1,200,125,
1791512174.698,/trades?limit=1,1,200,143,
1791512175.200,/health/live,1,200,130,
1791512175.200,/trades?limit=1,1,200,144,
1791512175.702,/health/live,1,200,124,
1791512175.702,/trades?limit=1,1,200,141,
1791512176.206,/health/live,1,200,142,
1791512176.206,/trades?limit=1,1,200,140,
1791512176.717,/health/live,1,200,132,
1791512176.717,/trades?limit=1,1,200,143,
1791512177.220,/health/live,1,200,125,
1791512177.220,/trades?limit=1,1,200,157,
1791512177.733,/health/live,1,200,124,
1791512177.733,/trades?limit=1,1,200,149,
1791512178.239,/health/live,1,200,118,
1791512178.239,/trades?limit=1,1,200,133,
1791512178.739,/health/live,1,200,115,
1791512178.739,/trades?limit=1,1,200,151,
1791512179.256,/health/live,1,200,157,
1791512179.256,/trades?limit=1,1,200,144,
1791512179.766,/health/live,1,200,126,
1791512179.766,/trades?limit=1,1,200,633,
1791512180.526,/health/live,1,200,209,
1791512180.526,/trades?limit=1,1,200,1154,
1791512181.890,/health/live,1,200,527,
1791512181.890,/trades?limit=1,1,200,137,
1791512182.555,/health/live,1,200,134,
1791512182.555,/trades?limit=1,1,200,129,
1791512183.060,/health/live,1,200,128,
1791512183.060,/trades?limit=1,1,200,117,
1791512183.560,/health/live,1,200,120,
1791512183.560,/trades?limit=1,1,200,125,
1791512184.061,/health/live,1,200,128,
1791512184.061,/trades?limit=1,1,200,136,
1791512184.569,/health/live,1,200,119,
1791512184.569,/trades?limit=1,1,200,518,
1791512185.207,/health/live,1,200,132,
1791512185.207,/trades?limit=1,1,200,143,
1791512185.712,/health/live,1,200,126,
1791512185.712,/trades?limit=1,1,200,134,
1791512186.224,/health/live,1,200,117,
1791512186.224,/trades?limit=1,1,200,148,
1791512186.723,/health/live,1,200,134,
1791512186.723,/trades?limit=1,1,200,1124,
1791512187.980,/health/live,1,200,118,
1791512187.980,/trades?limit=1,1,200,139,
1791512188.483,/health/live,1,200,108,
1791512188.483,/trades?limit=1,1,200,117,
1791512188.997,/health/live,1,200,129,
1791512188.997,/trades?limit=1,1,200,1064,
1791512190.191,/health/live,1,200,118,
1791512190.191,/trades?limit=1,1,200,1129,
1791512191.440,/health/live,1,200,130,
1791512191.440,/trades?limit=1,1,200,133,
1791512191.950,/health/live,1,200,157,
1791512191.950,/trades?limit=1,1,200,135,
1791512192.457,/health/live,1,200,130,
1791512192.457,/trades?limit=1,1,200,137,
1791512192.957,/health/live,1,200,152,
1791512192.957,/trades?limit=1,1,200,127,
1791512193.468,/health/live,1,200,230,
1791512193.468,/trades?limit=1,1,200,216,
1791512193.978,/health/live,1,200,144,
1791512193.978,/trades?limit=1,1,200,152,
1791512194.489,/health/live,1,200,144,
1791512194.489,/trades?limit=1,1,200,139,
1791512194.990,/health/live,1,200,114,
1791512194.990,/trades?limit=1,1,200,589,
1791512195.694,/health/live,1,200,119,
1791512195.694,/trades?limit=1,1,200,128,
1791512196.201,/health/live,1,200,522,
1791512196.201,/trades?limit=1,1,200,134,
1791512196.857,/health/live,1,200,123,
1791512196.857,/trades?limit=1,1,200,135,
1791512197.371,/health/live,1,200,120,
1791512197.371,/trades?limit=1,1,200,135,
1791512197.877,/health/live,1,200,129,
1791512197.877,/trades?limit=1,1,200,133,
1791512198.392,/health/live,1,200,1135,
1791512198.392,/trades?limit=1,1,200,151,
1791512199.679,/health/live,1,200,144,
1791512199.679,/trades?limit=1,1,200,175,
1791512200.187,/health/live,1,200,206,
1791512200.187,/trades?limit=1,1,200,130,
1791512200.700,/health/live,1,200,147,
1791512200.700,/trades?limit=1,1,200,143,
1791512201.203,/health/live,1,200,125,
1791512201.203,/trades?limit=1,1,200,128,
1791512201.711,/health/live,1,200,209,
1791512201.711,/trades?limit=1,1,200,151,
1791512202.211,/health/live,1,200,119,
1791512202.211,/trades?limit=1,1,200,127,
1791512202.717,/health/live,1,200,123,
1791512202.717,/trades?limit=1,1,200,130,
1791512203.223,/health/live,1,200,168,
1791512203.223,/trades?limit=1,1,200,151,
1791512203.733,/health/live,1,200,218,
1791512203.733,/trades?limit=1,1,200,338,
1791512204.291,/health/live,1,200,203,
1791512204.291,/trades?limit=1,1,200,204,
1791512204.795,/health/live,1,200,242,
1791512204.795,/trades?limit=1,1,200,121,
1791512205.292,/health/live,1,200,134,
1791512205.292,/trades?limit=1,1,200,157,
1791512205.793,/health/live,1,200,130,
1791512205.793,/trades?limit=1,1,200,134,
1791512206.291,/health/live,1,200,123,
1791512206.291,/trades?limit=1,1,200,131,
1791512206.791,/health/live,1,200,139,
1791512206.791,/trades?limit=1,1,200,221,
1791512207.305,/health/live,1,200,166,
1791512207.305,/trades?limit=1,1,200,136,
1791512207.809,/health/live,1,200,149,
1791512207.809,/trades?limit=1,1,200,121,
1791512208.309,/health/live,1,200,116,
1791512208.309,/trades?limit=1,1,200,130,
1791512208.814,/health/live,1,200,140,
1791512208.814,/trades?limit=1,1,200,138,
1791512209.313,/health/live,1,200,117,
1791512209.313,/trades?limit=1,1,200,139,
1791512209.820,/health/live,1,200,130,
1791512209.820,/trades?limit=1,1,200,142,
1791512210.334,/health/live,1,200,115,
1791512210.334,/trades?limit=1,1,200,125,
1791512210.842,/health/live,1,200,126,
1791512210.842,/trades?limit=1,1,200,137,
1791512211.344,/health/live,1,200,116,
1791512211.344,/trades?limit=1,1,200,131,
1791512211.849,/health/live,1,200,131,
1791512211.849,/trades?limit=1,1,200,133,
1791512212.359,/health/live,1,200,122,
1791512212.359,/trades?limit=1,1,200,146,
1791512212.868,/health/live,1,200,111,
1791512212.868,/trades?limit=1,1,200,132,
1791512213.375,/health/live,1,200,115,
1791512213.375,/trades?limit=1,1,200,129,
1791512213.874,/health/live,1,200,135,
1791512213.874,/trades?limit=1,1,200,313,
1791512214.381,/health/live,1,200,118,
1791512214.381,/trades?limit=1,1,200,125,
1791512214.896,/health/live,1,200,138,
1791512214.896,/trades?limit=1,1,200,135,
1791512215.401,/health/live,1,200,124,
1791512215.401,/trades?limit=1,1,200,140,
1791512215.902,/health/live,1,200,141,
1791512215.902,/trades?limit=1,1,200,134,
1791512216.417,/health/live,1,200,130,
1791512216.417,/trades?limit=1,1,200,127,
1791512216.921,/health/live,1,200,138,
1791512216.921,/trades?limit=1,1,200,129,
1791512217.419,/health/live,1,200,127,
1791512217.419,/trades?limit=1,1,200,180,
1791512217.916,/health/live,1,200,115,
1791512217.916,/trades?limit=1,1,200,122,
1791512218.420,/health/live,1,200,119,
1791512218.420,/trades?limit=1,1,200,131,
1791512218.921,/health/live,1,200,149,
1791512218.921,/trades?limit=1,1,200,158,
1791512219.427,/health/live,1,200,122,
1791512219.427,/trades?limit=1,1,200,126,
1791512219.937,/health/live,1,200,131,
1791512219.937,/trades?limit=1,1,200,191,
1791512220.447,/health/live,1,200,145,
1791512220.447,/trades?limit=1,1,200,134,
1791512220.957,/health/live,1,200,117,
1791512220.957,/trades?limit=1,1,200,140,
1791512221.461,/health/live,1,200,175,
1791512221.461,/trades?limit=1,1,200,173,
1791512221.973,/health/live,1,200,125,
1791512221.973,/trades?limit=1,1,200,126,
1791512222.479,/health/live,1,200,145,
1791512222.479,/trades?limit=1,1,200,143,
1791512222.982,/health/live,1,200,122,
1791512222.982,/trades?limit=1,1,200,120,
1791512223.488,/health/live,1,200,126,
1791512223.488,/trades?limit=1,1,200,123,
1791512223.994,/health/live,1,200,126,
1791512223.994,/trades?limit=1,1,200,168,
1791512224.497,/health/live,1,200,119,
1791512224.497,/trades?limit=1,1,200,126,
1791512224.999,/health/live,1,200,141,
1791512224.999,/trades?limit=1,1,200,151,
1791512225.504,/health/live,1,200,138,
1791512225.504,/trades?limit=1,1,200,137,
1791512226.004,/health/live,1,200,124,
1791512226.004,/trades?limit=1,1,200,276,
1791512226.519,/health/live,1,200,128,
1791512226.519,/trades?limit=1,1,200,128,
1791512227.034,/health/live,1,200,149,
1791512227.034,/trades?limit=1,1,200,134,
1791512227.547,/health/live,1,200,115,
1791512227.547,/trades?limit=1,1,200,150,
1791512228.057,/health/live,1,200,126,
1791512228.057,/trades?limit=1,1,200,135,
1791512228.561,/health/live,1,200,126,
1791512228.561,/trades?limit=1,1,200,131,
1791512229.070,/health/live,1,200,160,
1791512229.070,/trades?limit=1,1,200,125,
1791512229.567,/health/live,1,200,121,
1791512229.567,/trades?limit=1,1,200,126,
1791512230.080,/health/live,1,200,115,
1791512230.080,/trades?limit=1,1,200,133,
1791512230.581,/health/live,1,200,123,
1791512230.581,/trades?limit=1,1,200,129,
1791512231.094,/health/live,1,200,120,
1791512231.094,/trades?limit=1,1,200,139,
1791512231.603,/health/live,1,200,120,
1791512231.603,/trades?limit=1,1,200,121,
1791512232.105,/health/live,1,200,121,
1791512232.105,/trades?limit=1,1,200,134,
1791512232.615,/health/live,1,200,121,
1791512232.615,/trades?limit=1,1,200,125,
1791512233.126,/health/live,1,200,126,
1791512233.126,/trades?limit=1,1,200,321,
1791512233.635,/health/live,1,200,118,
1791512233.635,/trades?limit=1,1,200,122,
1791512234.140,/health/live,1,200,117,
1791512234.140,/trades?limit=1,1,200,133,
1791512234.643,/health/live,1,200,139,
1791512234.643,/trades?limit=1,1,200,134,
1791512235.144,/health/live,1,200,126,
1791512235.144,/trades?limit=1,1,200,134,
1791512235.645,/health/live,1,200,131,
1791512235.645,/trades?limit=1,1,200,135,
1791512236.151,/health/live,1,200,142,
1791512236.151,/trades?limit=1,1,200,135,
1791512236.664,/health/live,1,200,124,
1791512236.664,/trades?limit=1,1,200,506,
1791512237.294,/health/live,1,200,149,
1791512237.294,/trades?limit=1,1,200,132,
1791512237.798,/health/live,1,200,110,
1791512237.798,/trades?limit=1,1,200,1053,
1791512238.961,/health/live,1,200,490,
1791512238.961,/trades?limit=1,1,200,1150,
1791512240.602,/health/live,1,200,128,
1791512240.602,/trades?limit=1,1,200,129,
1791512241.110,/health/live,1,200,475,
1791512241.110,/trades?limit=1,1,200,126,
1791512241.712,/health/live,1,200,133,
1791512241.712,/trades?limit=1,1,200,150,
1791512242.220,/health/live,1,200,153,
1791512242.220,/trades?limit=1,1,200,152,
1791512242.721,/health/live,1,200,126,
1791512242.721,/trades?limit=1,1,200,147,
1791512243.225,/health/live,1,200,125,
1791512243.225,/trades?limit=1,1,200,136,
1791512243.724,/health/live,1,200,120,
1791512243.724,/trades?limit=1,1,200,132,
1791512244.232,/health/live,1,200,125,
1791512244.232,/trades?limit=1,1,200,129,
1791512244.734,/health/live,1,200,137,
1791512244.734,/trades?limit=1,1,200,147,
1791512245.249,/health/live,1,200,105,
1791512245.249,/trades?limit=1,1,200,141,
1791512245.760,/health/live,1,200,111,
1791512245.760,/trades?limit=1,1,200,140,
1791512246.267,/health/live,1,200,217,
1791512246.267,/trades?limit=1,1,200,135,
1791512246.771,/health/live,1,200,103,
1791512246.771,/trades?limit=1,1,200,117,
1791512247.275,/health/live,1,200,120,
1791512247.275,/trades?limit=1,1,200,1148,
1791512248.543,/health/live,1,200,553,
1791512248.543,/trades?limit=1,1,200,131,
1791512249.227,/health/live,1,200,132,
1791512249.227,/trades?limit=1,1,200,134,
1791512249.731,/health/live,1,200,119,
1791512249.731,/trades?limit=1,1,200,142,
1791512250.239,/health/live,1,200,486,
1791512250.239,/trades?limit=1,1,200,135,
1791512250.860,/health/live,1,200,519,
1791512250.860,/trades?limit=1,1,200,131,
1791512251.511,/health/live,1,200,526,
1791512251.511,/trades?limit=1,1,200,207,
1791512252.246,/health/live,1,200,233,
1791512252.246,/trades?limit=1,1,200,647,
1791512253.127,/health/live,1,200,133,
1791512253.127,/trades?limit=1,1,200,133,
1791512253.630,/health/live,1,200,113,
1791512253.630,/trades?limit=1,1,200,133,
1791512254.126,/health/live,1,200,133,
1791512254.126,/trades?limit=1,1,200,2121,
1791512256.380,/health/live,1,200,147,
1791512256.380,/trades?limit=1,1,200,146,
1791512256.896,/health/live,1,200,115,
1791512256.896,/trades?limit=1,1,200,130,
1791512257.406,/health/live,1,200,142,
1791512257.406,/trades?limit=1,1,200,135,
1791512257.920,/health/live,1,200,123,
1791512257.920,/trades?limit=1,1,200,1870,
1791512259.914,/health/live,1,200,129,
1791512259.914,/trades?limit=1,1,200,134,
1791512260.423,/health/live,1,200,126,
1791512260.423,/trades?limit=1,1,200,564,
1791512261.113,/health/live,1,200,126,
1791512261.113,/trades?limit=1,1,200,155,
1791512261.622,/health/live,1,200,230,
1791512261.622,/trades?limit=1,1,200,151,
1791512262.131,/health/live,1,200,126,
1791512262.131,/trades?limit=1,1,200,139,
1791512262.644,/health/live,1,200,132,
1791512262.644,/trades?limit=1,1,200,137,
1791512263.151,/health/live,1,200,189,
1791512263.151,/trades?limit=1,1,200,167,
1791512263.666,/health/live,1,200,256,
1791512263.666,/trades?limit=1,1,200,150,
1791512264.174,/health/live,1,200,165,
1791512264.174,/trades?limit=1,1,200,143,
1791512264.681,/health/live,1,200,118,
1791512264.681,/trades?limit=1,1,200,123,
1791512265.192,/health/live,1,200,136,
1791512265.192,/trades?limit=1,1,200,149,
1791512265.697,/health/live,1,200,112,
1791512265.697,/trades?limit=1,1,200,165,
1791512266.194,/health/live,1,200,226,
1791512266.194,/trades?limit=1,1,200,206,
1791512266.700,/health/live,1,200,142,
1791512266.700,/trades?limit=1,1,200,134,
1791512267.201,/health/live,1,200,113,
1791512267.201,/trades?limit=1,1,200,144,
1791512267.715,/health/live,1,200,144,
1791512267.715,/trades?limit=1,1,200,131,
1791512268.219,/health/live,1,200,128,
1791512268.219,/trades?limit=1,1,200,141,
1791512268.727,/health/live,1,200,129,
1791512268.727,/trades?limit=1,1,200,129,
1791512269.241,/health/live,1,200,127,
1791512269.241,/trades?limit=1,1,200,129,
1791512269.746,/health/live,1,200,132,
1791512269.746,/trades?limit=1,1,200,133,
1791512270.256,/health/live,1,200,124,
1791512270.256,/trades?limit=1,1,200,131,
1791512270.761,/health/live,1,200,137,
1791512270.761,/trades?limit=1,1,200,144,
1791512271.260,/health/live,1,200,129,
1791512271.260,/trades?limit=1,1,200,137,
1791512271.772,/health/live,1,200,139,
1791512271.772,/trades?limit=1,1,200,149,
1791512272.281,/health/live,1,200,122,
1791512272.281,/trades?limit=1,1,200,526,
1791512272.931,/health/live,1,200,213,
1791512272.931,/trades?limit=1,1,200,131,
1791512273.432,/health/live,1,200,125,
1791512273.432,/trades?limit=1,1,200,136,
1791512273.932,/health/live,1,200,144,
1791512273.932,/trades?limit=1,1,200,134,
1791512274.443,/health/live,1,200,127,
1791512274.443,/trades?limit=1,1,200,127,
1791512274.953,/health/live,1,200,116,
1791512274.953,/trades?limit=1,1,200,587,
1791512275.657,/health/live,1,200,128,
1791512275.657,/trades?limit=1,1,200,141,
1791512276.162,/health/live,1,200,128,
1791512276.162,/trades?limit=1,1,200,590,
1791512276.880,/health/live,1,200,136,
1791512276.880,/trades?limit=1,1,200,546,
1791512277.563,/health/live,1,200,138,
1791512277.563,/trades?limit=1,1,200,136,
1791512278.067,/health/live,1,200,126,
1791512278.067,/trades?limit=1,1,200,128,
1791512278.580,/health/live,1,200,131,
1791512278.580,/trades?limit=1,1,200,331,
1791512279.085,/health/live,1,200,117,
1791512279.085,/trades?limit=1,1,200,140,
